{
  "train_runtime": 2488.8396,
  "train_samples_per_second": 0.321,
  "train_steps_per_second": 0.04,
  "total_flos": 1.3853647224963072e+16,
  "train_loss": 0.6736470103263855,
  "epoch": 1.5405405405405406
}